CountryYear,VU.SEV.AD,VU.SEV.INQ,VU.VGR.OG,VU.VGR.UP,VU.SEV.PD,VU
AZE2016,0.4,4.6,1.1,9,3.9,5.1
AZE2017,0.3,4.4,1.1,8.9,3.9,5
AZE2018,0.5,4.2,1,9,3.9,5
AZE2019,0.4,4.2,1,9.2,3.9,5.2
AZE2020,0.5,4.2,0.8,9.2,3.8,5.2
AZE2021,0.6,4.4,0.8,9.2,3.6,5.2
AZE2022,0.4,4.4,0.7,9.4,3.2,5.2
AZE2023,0.7,4.4,0.6,9.2,2.8,5
AZE2024,0.5,4.4,0.6,9.2,2.8,4.9
AZE2025,0.5,4.4,0.6,9.2,2.8,4.9
HUN2016,0.6,2.4,0.7,4,3,2.4
HUN2017,0.6,2.4,0.6,5,3,2.7
HUN2018,0.5,2.5,0.6,3.1,1.1,1.6
HUN2019,0.5,2.2,0.5,2.8,1,1.5
HUN2020,0.5,2.3,0.9,2.8,0.9,1.6
HUN2021,0.4,2.3,0.7,2.7,1,1.5
HUN2022,0.4,2.1,0.5,2.7,1.1,1.5
HUN2023,0.4,2.1,0.4,2.7,1,1.4
HUN2024,0.4,2.1,0.4,4.8,1,2
HUN2025,0.4,2.1,0.4,5.5,1,2.3
KAZ2016,0.1,1.7,0.6,2.8,1.4,1.5
KAZ2017,0.1,1.7,0.6,2.9,1.5,1.5
KAZ2018,0.1,1.6,0.6,3,1.4,1.5
KAZ2019,0.1,1.7,0.5,3,1.4,1.5
KAZ2020,0.1,1.7,0.5,2.9,1.3,1.5
KAZ2021,0.1,1.7,0.5,3,1.4,1.5
KAZ2022,0.1,1.8,0.6,2.9,1.4,1.5
KAZ2023,0.1,1.8,0.5,2.9,1.4,1.5
KAZ2024,0.1,1.8,0.5,3,1.4,1.5
KAZ2025,0.1,1.8,0.6,4.9,1.4,2.1
KGZ2016,6.5,3.1,1.2,3.8,3.8,3.5
KGZ2017,6.3,2.7,1.1,3.5,3.8,3.4
KGZ2018,6.4,2.7,1.2,2.1,3.8,3
KGZ2019,6.3,2.8,1,1.3,2.5,2.4
KGZ2020,5.6,3,1.2,1,2.5,2.3
KGZ2021,5.7,2.9,1.2,1.3,2.6,2.5
KGZ2022,5.5,2.8,1.2,1.4,2.5,2.4
KGZ2023,5.4,2.8,1.3,1.5,2.5,2.4
KGZ2024,4.4,2.8,1.3,2.7,2.5,2.6
KGZ2025,4.6,2.8,1.7,4.9,2.5,3.3
TKM2016,0.1,2.5,1.1,3.7,2.2,2.2
TKM2017,0.1,2.5,1,3.1,2.1,1.9
TKM2018,0.1,2.5,1,2.9,2.1,1.9
TKM2019,0.1,2.4,1,2.5,2.1,1.8
TKM2020,0.1,2.4,1,2.7,1.9,1.8
TKM2021,0.1,2.4,1,2.4,1.9,1.7
TKM2022,0.1,2.4,1,2.4,1.7,1.6
TKM2023,0.1,2.4,1,2.5,1.7,1.7
TKM2024,0.1,2.4,1,2.6,1.7,1.7
TKM2025,0,2.4,1,3.1,1.7,1.8
TUR2016,0.7,4.5,0.6,8.8,3.7,4.9
TUR2017,0.7,4.4,0.6,9.1,3.7,5
TUR2018,0.7,4.4,0.6,9.2,1.3,4.7
TUR2019,0.7,4.1,0.5,9.4,1.2,4.8
TUR2020,0.8,4.2,0.5,9.4,1.2,4.9
TUR2021,0.6,4.1,0.6,9.4,1.3,4.8
TUR2022,0.4,4.3,0.7,9.4,1.2,4.8
TUR2023,0.3,4.2,0.6,9.4,0.9,4.8
TUR2024,0.4,4.2,5.1,9.4,0.9,5.6
TUR2025,0.3,4.2,4.4,9.3,0.9,5.3
UZB2016,0.9,3.7,0.8,5.4,4.3,3.4
UZB2017,1,3.5,0.7,5.3,4.2,3.3
UZB2018,1.7,3.4,0.6,5.3,4.1,3.3
UZB2019,2.2,3.4,0.6,5.3,4.1,3.4
UZB2020,2.2,3.3,0.6,5.2,4,3.3
UZB2021,2.2,3.3,0.6,5.4,3.7,3.3
UZB2022,2.3,3.3,0.6,5,3.3,3.1
UZB2023,3.2,2.4,0.6,4.6,3.2,2.9
UZB2024,2.9,2.4,0.5,4.4,3.2,2.8
UZB2025,2.9,2.4,0.5,4.1,3.2,2.7
